retail_price,name,brand
999.0,Darla,Alpha Industries
999.0,Alpha Industries Rip Stop Short,Alpha Industries
990.0,Woolrich Arctic Parka DF,Woolrich
950.0,Nobis Yatesy Parka,Nobis
903.0,Quiksilver Men's Rockefeller Walkshort,Quiksilver
903.0,The North Face Apex Bionic Mens Soft Shell Ski Jacket 2013,The North Face
903.0,The North Face Freedom Mens Ski Pants 2013,The North Face
903.0,The North Face Nuptse 2 Jacket Deep Water Blue Mens,The North Face
903.0,The North Face Apex Bionic Soft Shell Jacket - Men's,The North Face
903.0,The North Face Apex Bionic Jacket - Men's,The North Face
903.0,ASCIS Cushion Low Socks (Pack of 3),ASICS
903.0,The North Face Denali Down Womens Jacket 2013,The North Face
903.0,NIKE WOMEN'S PRO COMPRESSION SPORTS BRA *Outstanding Support and Comfort*,Nike
903.0,NIKE WOMEN'S PRO COMPRESSION SPORTS BRA *Outstanding Support and Comfort*,Nike
903.0,NIKE WOMEN'S PRO COMPRESSION SPORTS BRA *Outstanding Support and Comfort*,Nike
903.0,Nike Jordan Retro 11 Bred Bootie Socks,Jordan
903.0,Mens Nike AirJordan Varsity Hoodie Jacket Grey / Black 451582-066,Jordan
903.0,AIR JORDAN DOMINATE SHORTS MENS 465071-100,Jordan
903.0,JORDAN DURASHEEN SHORT MENS 404309-109,Jordan
903.0,Jordan Low Quarter Sock Style # 427411,Nike
903.0,The North Face Denali Down Womens Jacket 2013,The North Face
903.0,The North Face Women's S-XL Oso Jacket,The North Face
903.0,adidas Women's adiFIT Slim Pant,adidas
903.0,The North Face Apex Bionic Soft Shell Jacket - Men's,The North Face
903.0,The North Face Apex Bionic Soft Shell Jacket - Men's,The North Face
903.0,The North Face Nuptse 2 Jacket - Noah Green/TNF Black,The North Face
903.0,The North Face Denali Down Mens Jacket 2013,The North Face
898.0,Diesel Men's Lophophora Leather Jacket,Diesel
895.0,Catherine Malandrino Women's Skinny Stretch Leather Pant,Catherine Malandrino
825.0,Nobis Tula Parka,Nobis
815.0,Canada Goose Men's The Chateau Jacket,Canada Goose
815.0,Canada Goose Men's The Chateau Jacket,Canada Goose
795.0,Nobis Merideth Parka,Nobis
795.0,Canada Goose Women's Expedition Parka,Canada Goose
795.0,Canada Goose Men's Citadel Parka,Canada Goose
758.0,Diesel Men's Lisardo Jacket,Diesel
750.0,Canada Goose Women's Mystique,Canada Goose
750.0,Nobis Men's Cartel Jacket,Nobis
750.0,Canada Goose Women's Mystique,Canada Goose
749.989990234375,Bergama Natural Raccoon Hooded Stroller - - Multicolor,Bergama
699.0,Arc'teryx Moray Jacket - Women's,Arc'teryx
699.0,Arc'teryx Women's Caliber Cardigan,Arc'teryx
698.0,Magaschoni Women's Shimmer Jacket,Magaschoni
698.0,Diesel Men's Jimeneo Jacket,Diesel
698.0,Robert Graham Men's Barbican Velvet Blazer,Robert Graham
695.0,Canada Goose Women's Whistler Parka,Canada Goose
695.0,Canada Goose Women's Chilliwack Bomber,Canada Goose
695.0,Canada Goose Women's Solaris,Canada Goose
695.0,Canada Goose Women's Solaris,Canada Goose
695.0,True Religion Women's Casey Stretch Leather Pants,True Religion
694.95001220703125,Canada Goose Men's Langford Parka,Canada Goose
650.0,Mountain Hardwear Men's Nilas Down Jacket,Mountain Hardwear
650.0,Spyder Women's Jesst In Time Jacket,Spyder
625.0,Arc'teryx Men's Alpha SV Jacket,Arc'teryx
600.0,Harris Tweed Wool Jacket-Dougal Limited Edition,The Harris Tweed Of Scotland
599.0,Jones New York Women's Hidden Snap Notch Collar Coat,Jones New York
598.0,Rebecca Minkoff Women's Leather Luciana Skirt,Rebecca Minkoff
598.0,Diesel Men's Lagnum Leather Jacket,Diesel
598.0,Robert Graham Men's Minstrel Dinner Jacket,Robert Graham
595.0,Men's Classic Sheepskin B-3 Bomber Jacket,Overland Sheepskin Co
595.0,Robert Rodriguez Women's High Waisted Pencil Skirt,Robert Rodriguez
595.0,Women's Jane Sheepskin B-3 Bomber Jacket,Overland Sheepskin Co
588.0,Magaschoni Women's 100% Cashmere Cable Sweater Jacket,Magaschoni
575.0,Faconnable Men's Reversible Trench Coat,Faconnable
550.0,Nicole Miller Women's Halter Jumpsuit,Nicole Miller
550.0,Arc'teryx Theta SV Jacket - Men's,Arc'teryx
550.0,Men's Moncler Down Vest Tib,Moncler
528.80999755859375,Catherine Malandrino Women's Stretch Leather Pant,Catherine Malandrino
525.0,Arc'teryx Men's Sabre Jacket,Arc'teryx
525.0,Arc'teryx Men's Theta AR Jacket,Arc'teryx
499.989990234375,Sandals Cay Men's Three-Button Cashmere Blend Sport Coat in Gray Navy or Tan,Sandals Cay
499.0,Arc'teryx Women's Stingray Jacket,Arc'teryx
498.0,Tracy Reese Women's Contrast Frock,Tracy Reese
495.0,HALSTON HERITAGE Women's Sleeveless V-Neck Faille Dress,Halston Heritage
495.0,Ben Sherman Men's Side Vent 2 Piece Suit,Ben Sherman
495.0,MiH Jeans Women's Aztec Jacket,MiH Jeans
495.0,Robert Rodriguez Women's Lace V-Neck Tiered Dress,Robert Rodriguez
495.0,Canada Goose Women's Camp Hooded Jacket,Canada Goose
487.5,Faconnable Men's Double Face Wool Jacket,Faconnable
485.0,Vivienne Westwood Red Label Women's Giacca Plaid Jacket,Vivienne Westwood
479.0,Men's Andrew Marc Nucky Lambskin Leather Bomber Jacket with Sheepskin Collar,Andrew Marc
475.0,Arc'teryx Men's Beta AR Jacket,Arc'teryx
475.0,Arc'teryx Women's Beta AR Jacket,Arc'teryx
470.989990234375,HALSTON HERITAGE Women's Oversized Double Faced Coat,Halston Heritage
465.0,Robert Rodriguez Women's Pencil Skirt,Robert Rodriguez
450.0,Arc'teryx Men's Diplomat Jacket,Arc'teryx
450.0,Canada Goose Men's Lodge Down Hoody,Canada Goose
450.0,Rebecca Taylor Women's Nailhead Dress,Rebecca Taylor
449.0,Women's Full Length Overcoat in Pure Cashmere,Cashmere Boutique
449.0,Barbour International Motorcycle Jacket / Barbour International Motorcycle Jacket,Barbour
449.0,Men's Full Length Overcoat in Pure Cashmere,Cashmere Boutique
448.989990234375,Carhartt Men's Canvas Shirt Jacket,Carhartt
448.0,BCBGMAXAZRIA Women's Morris Knit Sportswear Dress,BCBGMAXAZRIA
429.0,Marc New York by Andrew Marc Men's Nucky Natural Rugged Lamb Bomber Jacket with Shearling Collar,Marc New York by Andrew Marc
429.0,Marc New York by Andrew Marc Men's Liam Smooth Lamb Car Coat with Bib,Marc New York by Andrew Marc
429.0,Barbour Sapper Jacket,Barbour
428.0,Diesel Women's De-Nix Jacket,Diesel
425.0,Alpha Industries A-2 Leather Jacket,Alpha Industries
424.5,Paul Fredrick Herringbone Wool Blend Double-Breasted Suit,Paul Fredrick
424.5,Paul Fredrick Striped Linen Double-Breasted Suit,Paul Fredrick
424.5,Paul Fredrick Performance 100% Wrinkle \ Stain Resistant Wool Suit,Paul Fredrick
424.5,Paul Fredrick 100% Wool Double-Breasted Windowpane Suit,Paul Fredrick
420.0,Nicole Miller Women's Cutout Back Stretch Lace Dress,Nicole Miller
417.0,Joseph Abboud Men's 2 Button Side Vent Suit With Flat Front Pant,Joseph Abboud
417.0,Joseph Abboud Men's 2 Button Side Vent Stripe Suit With Flat Front Pant,Joseph Abboud
414.95001220703131,NAU Highline Blazer Women's Clothing,NAU
408.0,Tracy Reese Women's Contrast Frock Dress,Plenty by Tracy Reese
405.260009765625,Joseph Abboud Men's Super 120's Two Button Side Vent Single Pleat Pant Tuxedo With Grosgrain Notch Lapel,Joseph Abboud
400.0,Icebreaker Men's Legacy Hood,Icebreaker
400.0,Canada Goose Men's Lodge Jacket,Canada Goose
399.989990234375,Woolrich Men's Arctic Parka,Woolrich
399.95001220703131,Regency New York Men's Smoking Jacket Constantine Black,Regency New York
399.95001220703131,Regency New York Men's Smoking Jacket Bartholomew Navy,Regency New York
399.95001220703131,Regency New York Men's Smoking Jacket Maxwell Black,Regency New York
399.0,Cwu Pilot 183111 45P Vintage,Alpha Industries
399.0,Arcteryx Alpha FL Jacket - Women's,Arc'teryx
399.0,Women's Knee Length Overcoat in Pure Cashmere,Cashmere Boutique
399.0,Arc'teryx Women's Sylva Parka,Arc'teryx
399.0,Arc'teryx Women's Lanea Long Coat,Arc'teryx
399.0,Arc'teryx Alpha FL Jacket - Men's,Arc'teryx
399.0,Men's Knee Length Overcoat in Pure Cashmere,Cashmere Boutique
399.0,Men's Double Breasted Overcoat in Pure Cashmere,Cashmere Boutique
399.0,Joseph Abboud Men's 2 Button Side Vent Suit with Flat Front Pant,Joseph Abboud
399.0,Barbour Classic Beaufort Jacket / Beaufort Jacket,Barbour
399.0,Barbour Ladies Utility Jacket,Barbour
399.0,Barbour Beaufort Jacket,Barbour
399.0,Women's Knee Length Overcoat in Pure Cashmere,Cashmere Boutique
398.0,French Connection Women's Solar Heat Dress,French Connection
398.0,Trina Turk Women's Snowonder Blazer,Trina Turk
398.0,Trina Turk Women's Alfred,Trina Turk
398.0,Rebecca Minkoff Women's Ponte Ryder Jacket,Rebecca Minkoff
398.0,7 For All Mankind Men's Ombre Plaid Blazer,7 For All Mankind
398.0,Trina Turk Women's Baroness Dress,Trina Turk
396.989990234375,Mens Brown Sheepskin Flying Jacket 'Air force' Aviator Leather coat #S5,Unicorn London
396.0,Parker Women's Beaded Shift Dress,Parker
396.0,Parker Women's Strapless Studded Dress,Parker
395.0,Rebecca Taylor Women's Lace Dress,Rebecca Taylor
395.0,Joe's Jeans Women's Opale Jacket,Joe's Jeans
395.0,Ben Sherman Men's Plectrum Velvet Blazer,Ben Sherman
395.0,Zero Restriction Men's Featherweight Traveler Jacket Removable Sleeve Rain Jacket,Zero Restriction
395.0,Rebecca Taylor Women's Lace Dress,Rebecca Taylor
395.0,Robert Rodriguez Women's Long Sleeve Fitted Pencil Dress,Robert Rodriguez
395.0,Kenneth Cole Reaction Men's 2 Piece Two Button Suit,Kenneth Cole REACTION
391.60000610351562,Funktional Women's Moto Jacket,Funktional
389.989990234375,Kenneth Cole New York Men's 2 Piece Suit,Kenneth Cole New York
389.0,True Religion Men's Ricky Super T Straight Jean,True Religion
383.0,True Religion Men's Bobby Super Jean,True Religion
383.0,True Religion Men's Ricky Super Jean,True Religion
380.0,G-Star Men's CL Ruston Blazer,G-Star
379.0,Barbour Women's Beadnell Waxed Cotton Jacket - Rustic,Barbour
379.0,Barbour Classic Bedale Jacket / Barbour Active Classic Bedale Jacket,Barbour
379.0,BarbourÂ® Beadnell Women's Wax Jacket - Sage,Barbour
379.0,Barbour Bedale Jacket / Bedale Jacket,Barbour
379.0,Barbour Bedale Wax Cotton Jacket Olive,Barbour
378.0,BCBGMAXAZRIA Women's Vallissa Geometric Sequin Shift Dress,BCBGMAXAZRIA
378.0,Magaschoni Women's 100% Cashmere Peplum Back Sweater,Magaschoni
378.0,Tracy Reese Women's Applique Frock,Tracy Reese
378.0,Rebecca Minkoff Women's Becky Jacket,Rebecca Minkoff
375.0,Mountain Hardwear Men's Chillwave Down Parka,Mountain Hardwear
375.0,Mountain Hardwear Men's Downtown Coat,Mountain Hardwear
375.0,Diesel Men's Jamaar Jacket,Diesel
375.0,Mountain Hardwear Women's Chillwave Down Jacket,Mountain Hardwear
375.0,Dolce & Gabbana White Jacket Blazer. M,Dolce & Gabbana
375.0,Nicole Miller Women's Reverse Stretch Charmeuse Boat Neck Dress,Nicole Miller
374.95001220703131,Arc'teryx Theta SL Hybrid Jacket - Men's,Arc'teryx
374.5,Paul Fredrick 100% Wool Double-Breasted Peak Lapel Houndstooth Suit,Paul Fredrick
374.0,Parker Women's V-Neck Beaded Dress,Parker
374.0,Parker Women's Open Back Dress,Parker
368.0,BCBGMAXAZRIA Women's Seri Woven Evening Dress,BCBGMAXAZRIA
368.0,BCBGMAXAZRIA Women's Gisela Criss Cross Foil Print Dress,BCBGMAXAZRIA
368.0,Diesel Men's Shioner Skinny Straight Leg Jean,Diesel
366.0,Yoana Baraschi Women's Gotham Tux Blazer,Yoana Baraschi
360.0,BedHead Pajamas Women's Cashmere Robe,BedHead
360.0,G-Star Men's Cl New Blazer,G-Star
359.0,Queenshiny Long Women's 100% Real Rex Rabbit Fur Coat Jacket With Super Fox Collar,Queenshiny
358.0,Marc New York by Andrew Marc Men's Cuervo Distressed Retro Calf Moto Jacket,Marc New York by Andrew Marc
357.0,HALSTON HERITAGE Women's Sleeveless Ponte Pleated Dress,Halston Heritage
357.0,Joseph Abboud Men's Blend 2 Button Side Vent Soft Construction Sport Coat,Joseph Abboud
355.989990234375,Parker Women's Striped Dress,Parker
355.0,Ralph Lauren Double RL RRL Men Slim Bootcut Jeans - Made in USA,Ralph Lauren
352.0,Parker Women's Beaded Shift Dress,Parker
352.0,Parker Women's Cap Sleeve Beaded Dress,Parker
352.0,Parker Women's Zip Jacket,Parker
352.0,Minnie Rose Women's Kangaroo Pocket Pullover,Minnie Rose
352.0,True Religion Men's Ricky Super T Straight Stitch Jean,True Religion
350.0,Cole Haan Men's Smooth Lamb Jacket,Cole Haan
350.0,Steinbock Tyrolean Sport Coat,Orvis
350.0,Outdoor Research Men's Furio Jacket,Outdoor Research
350.0,Pendleton The Portland Collection Women's Dolman Overcoat,Pendleton
350.0,Arc'teryx Gamma MX Hooded Softshell Jacket - Women's,Arc'teryx
350.0,Adidas Women's Jeremy Scott Animal Print Jumper Jumpsuit-Dark Yellow,adidas
350.0,Icebreaker Men's Legacy Coat,Icebreaker
350.0,Diesel Men's Braddom Regular Carrot-Leg Jean,Diesel
349.98001098632807,Lacoste Men's Club Cashmere Crewneck Sweater Blue,Lacoste
349.95001220703125,Columbia Men's Peak 2 Jacket,Columbia
349.17001342773438,Evisu European edition Vintage cut denim jeans,Evisu
349.0,Woolrich Women's Arctic Parka,Woolrich
349.0,Shephe 4 Ply Women's Classic Cashmere Robe with Full Length,Shephe
348.0,MAXSTUDIO SILK & COTTON TAILORED JACKET,MAXSTUDIO
348.0,Diesel Women's Dulhar Blazer,Diesel
348.0,Lucky Brand Mens Men's Handknit Seed Stitch Sweater,Lucky Brand
348.0,Magaschoni Women's 100% Cashmere Waterfall Cardigan,Magaschoni
347.5,Cole Haan Women's Vintage Leather Jacket,Cole Haan
346.5,Ted Baker Men's Moosh Blazer,Ted Baker
346.5,Ted Baker Men's Rythjak Check Blazer,Ted Baker
346.0,Spiewak Men's Systems Field Jacket,Spiewak
345.989990234375,Parker Women's Beaded Spaghetti Tank Dress,Parker
345.0,True Religion Men's Billy Super Big Jean,True Religion
345.0,erin Erin Fetherston Women's Lace Twofer Dress,erin Erin Fetherston
345.0,Nicole Miller Women's Stretchy Matte Jersey Cowl Neck Dress,Nicole Miller
345.0,ILSE JACOBSEN Women's Rain 6b Soft Shell Coat,ILSE JACOBSEN
344.0,Magaschoni Women's 100% Cashmere Boat Neck Sweater,Magaschoni
343.0,Yoana Baraschi Women's Boyfriend Blazer,Yoana Baraschi
343.0,Yoana Baraschi Women's Apres Tennis Boyfriend Blazer,Yoana Baraschi
339.0,Arc'teryx Men's Alpha SL Hybrid Jacket,Arc'teryx
339.0,United Face Womens Black Fox Fur Trim Hooded Leather Coat,United Face
339.0,Mens Pure Cashmere Argyle V Neck Sweater,Oxfords Cashmere
338.0,BCBGMAXAZRIA Women's Rivas Short Cocktail Dress With Cross Front,BCBGMAXAZRIA
338.0,BCBGMAXAZRIA Women's Marta 3/4 Sleeve Sequin Dress,BCBGMAXAZRIA
338.0,True Religion Men's Jimmy Super Jacket,True Religion
338.0,BCBGMAXAZRIA Women's Abigail Knit Evening Dress,BCBGMAXAZRIA
338.0,Men's Henningsvaer Norwegian Wool Pullover,Overland Sheepskin Co
335.0,Men's St. Croix Long Sleeve Double Lock 1/4 Zip Sweater,St Croix
334.1300048828125,Faconnable Men's Double Closure Sweater Vest,Faconnable
334.0,True Religion Men's Ricky Super-T Straight Jean,True Religion
330.0,Levi's Men's Leather Racer Jacket,Levi's
330.0,McGinn Women's Clara Textured Blazer,McGinn
329.989990234375,Michael Kors Biker Leather Jacket,Michael Kors
329.989990234375,MICHAEL Michael Kors Women's Zip Front Leather Jacket,MICHAEL Michael Kors
329.989990234375,Mammut Women's Ultimate Hoody,Mammut
329.989990234375,Jessie G. Women's Belted New Zealand Lambskin Leather Trench Coat,Jessie G.
329.989990234375,Mammut Men's Ultimate Hoody Jacket,Mammut
329.0,Queenshiny Long Women's 100% Real Knitted Mink Fur Vest with Hood,Queenshiny
328.0,Rebecca Minkoff Women's Becky Jacket,Rebecca Minkoff
328.0,GUESS by Marciano Woven Blazer,GUESS by Marciano
328.0,Trina Turk Women's Inga Dress,Trina Turk
328.0,Diesel Men's K-Nahoa Sweater,Diesel
328.0,True Religion Men's Ricky Super T Straight Catrer Jean,True Religion
328.0,Diesel Men's K-Pilinani Sweater,Diesel
328.0,Diesel Men's Shioner Skinny Straight Leg Jean,Diesel
326.0,True Religion Women's Julie Super T Jean,True Religion
326.0,True Religion Women's Becky Super T,True Religion
326.0,True Religion Billy Super T Jean,True Religion
325.95001220703125,True Religion Men's Ricky Straight Jean,True Religion
325.0,Diesel Men's Thavar Skinny Straight Jean,Diesel
325.0,Ben Sherman Men's Plectrum Pique Jersey Blazer,Ben Sherman
325.0,Diesel Men's Safado Slim Straight-Leg Jean,Diesel
325.0,7 Diamonds Men's Treviso,7 Diamonds
325.0,Lightweight Highland Tweed Sport Coat / Regular,Orvis
325.0,Dale Of Norway Nordlys Cardigan,Orvis
325.0,Rab Neutrino Endurance Down Jacket - Men's,RAB
325.0,7 Diamonds Men's Palermo Blazer,7 Diamonds
325.0,IGIGI by Yuliya Raquel Plus Size Kandinsky Gown,IGIGI by Yuliya Raquel
325.0,McGinn Women's Sasha Tweed Jacket,McGinn
325.0,IGIGI by Yuliya Raquel Plus Size Kandinsky Gown,IGIGI by Yuliya Raquel
325.0,Dale Of Norway Anniversary Quarter-zip Sweater,Orvis
325.0,Rebecca Taylor Women's Cashmere Marl Pullover,Rebecca Taylor
325.0,Alice & Trixie Women's Georgina Tunic,Alice & Trixie
321.0,True Religion Men's Ricky Straight Jean,True Religion
320.0,Volcom Men's TDS Jacket,Volcom
320.0,Magaschoni Women's 100% Cashmere Turtleneck Tunic Sweater,Magaschoni
319.989990234375,BGSD Women's New Zealand Lambskin Leather Walking Coat - Misses & Plus,BGSD
319.989990234375,BGSD Women's New Zealand Lambskin Leather Hooded Parka Coat with Fox Fur Trim in Black or Brown - Misses & Plus,BGSD
319.989990234375,Ralph Lauren Mens SB 2B Solid Navy Blue Wool Suit,Ralph Lauren
319.989990234375,The North Face Men's Gotham Jacket (Sizes S - XXL),The North Face
319.989990234375,BGSD Women's New Zealand Lambskin Leather Hooded Parka Coat with Fox Fur Trim in Black or Brown - Misses & Plus,BGSD
319.0,True Religion Men's Ricky Super T Straight Jean,True Religion
319.0,True Religion Women's Becky Bootleg Jeans,True Religion
319.0,United Face Womens Rex Fur Leather Swing Coat,United Face
319.0,True Religion Women's Billy Straight Leg Jean,True Religion
319.0,True Religion Men's Ricky Spt Straight Jean,True Religion
319.0,Autumn Cashmere Women's Color Block Hi Low Raglan,Autumn Cashmere
318.0,Magaschoni Women's 100% Cashmere High Low Sweater,Magaschoni
318.0,Alpha Industries A-2 Goatskin Leather Jacket,Alpha Industries
316.60000610351562,Bali Women's One Smooth U-back Underwire,Bali
316.60000610351562,Bali Women's One Smooth U-back Underwire,Bali
315.0,Vivienne Westwood Anglomania Women's Petite Noble Jacket,Vivienne Westwood
314.54998779296875,Mara Hoffman Women's Intarsia Pullover,Mara Hoffman
311.85000610351562,Michael Kors Men's Tweed Cable Turtleneck,Michael Kors
311.64999389648438,Pendleton Portland Collection Men's Clarence Blazer,Pendleton
310.0,Port Authority J780 Leather Bomber Jacket,Port Authority
308.0,The North Face Apex Bionic Soft Shell Jacket - Women's,The North Face
308.0,The North Face Apex Bionic Soft Shell Jacket - Women's,The North Face
308.0,Women's The North Face Half Dome Hoodie Sweatshirt Graphite Grey/Teaberry Pink,The North Face
308.0,The North Face Womens Khumbu Jacket Brown White Black Red,The North Face
308.0,Joie Women's Maribeth Lace Dress,Joie
307.95001220703125,Hemp Hoodlamb Classic Hoodlamb Jacket - Men's,Hemp Hoodlamb
300.0,Fred Perry Men's Harrington Jacket,Fred Perry
300.0,Mountain Hardwear Women's Citilicious Coat,Mountain Hardwear
300.0,Oakley Men's Originate Jacket,Oakley
300.0,G-Star Men's Cl Deconstructed Brooks Blazer,G-Star
300.0,Marmot Palisades Jacket - Men's,Marmot
300.0,Pendleton The Portland Collection Women's Josephine Blazer,Pendleton
300.0,Canada Goose Men's Lodge Vest,Canada Goose
300.0,Mountain Hardwear Women's Citilicious Coat,Mountain Hardwear
300.0,Mountain Hardwear Women's Ghost Whisperer Hooded Down Jacket,Mountain Hardwear
300.0,Mountain Hardwear Men's Ghost Whisperer Hooded Down Jacket,Mountain Hardwear
300.0,Mountain Hardwear Women's Downtown Coat,Mountain Hardwear
299.989990234375,Jones New York Walker Leather Jacket,Jones New York
299.989990234375,Marc New York by Andrew Marc Men's Boston Rugged Lambskin Moto Jacket,Marc New York by Andrew Marc
299.989990234375,Barbour Storm Half Zip Sweater Navy,Barbour
299.989990234375,Theory Light Grey Blazer,Theory
299.95001220703125,Carhartt Men's Down Kalkaska Snorkel Parka,Carhartt
299.95001220703125,Regency New York Men's Smoking Jacket Horatio Black,Regency New York
299.95001220703125,Regency New York Men's Smoking Jacket Lawrence Black,Regency New York
299.95001220703125,Regency New York Men's Smoking Jacket Octavius Gray,Regency New York
299.0,Barbour Summit Zip Thru Sweater,Orvis
299.0,Arc'teryx Gamma MX Softshell Jacket - Women's,Arc'teryx
299.0,Barbour Storm Waterproof Sweater,Barbour
299.0,Woolrich Women's Bristol Duffle Jacket,Woolrich
299.0,Rebecca Minkoff Women's Joni Harness Jacket,Rebecca Minkoff
299.0,Maui Jim Mavericks Sunglasses,Maui Jim
299.0,DKNYC Women's Long Sleeve Real Leather Front Cozy,DKNYC
299.0,Pure Cashmere Robe for Men,Cashmere Boutique
299.0,Woolrich Men's Rescue Jacket,Woolrich
298.0,Filson Men's Mackinaw Cruiser Jacket,Filson
298.0,Country Corduroy Sport JacketÂ—with S-t-r-e-t-c-h / Regular,Orvis
298.0,French Connection Men's Nostalgic Jacket,French Connection
298.0,French Connection Men's Melton Jacket Blazer,French Connection
298.0,BCBGMAXAZRIA Women's Jeisa Sleeveless Color Block Pleated Dress,BCBGMAXAZRIA
298.0,BCBGMAXAZRIA Women's Enna Chevron Sequin Shift Dress,BCBGMAXAZRIA
298.0,BCBGMAXAZRIA Women's Magde Strapless Cocktail Dress,BCBGMAXAZRIA
298.0,BCBGMAXAZRIA Women's Edesa V-Neck Shirred Dress,BCBGMAXAZRIA
297.95001220703125,Tom Ford Marko FT0144 Sunglasses - 18V Shiny Rhodium (Blue Lens) - 58mm,Tom Ford
297.5,Cole Haan Men's Cashmere Topper Jacket,Cole Haan
297.0,True Religion Men's TRBJ Ricky Badlands Jean,True Religion
297.0,Twelfth Street by Cynthia Vincent Women's Jacquard Cabin Sweater,Twelfth Street by Cynthia Vincent
297.0,True Religion Women's Vintage Billy Straight Jean,True Religion
297.0,Joseph Abboud Men's 2 Button Side Vent Soft Construction Check Sport Coat,Joseph Abboud
296.45001220703125,Tom Ford Marko FT0144 Sunglasses - 18V Shiny Rhodium (Blue Lens) - 58mm,Tom Ford
296.0,Joseph Abboud Men's Two-button Side Vent Blazer,Joseph Abboud
295.92999267578125,Halston Heritage Women's Long Sleeve Cable Rib Turtleneck Sweater,Halston Heritage
295.0,DKNY Men's 100% Wool Black Tuxedo,DKNY
295.0,Diesel Men's Jepphet Jacket,Diesel
295.0,Halston Heritage Women's Wool Pencil Drape Skirt,Halston Heritage
295.0,Nau Vice Blazer - Men's,Nau
295.0,Ben Sherman Men's Plectrum Tweed Blazer,Ben Sherman
295.0,Ibex Men's Europa Jacket,Ibex
295.0,Ben Sherman Men's Plectrum Tuxedo Blazer,Ben Sherman
293.32998657226562,Champion Men's Double Dry Classic Fleece Full Zip Hood,Champion
293.32998657226562,True Religion Men's TRBJ Flatlock Raw Edge Hoodie,True Religion
293.32998657226562,True Religion Men's TRBJ Power Through Peace Flatlock Hoodie,True Religion
293.32998657226562,True Religion Men's Ricky Straight Corduroy Pant,True Religion
293.0,True Religion Men's Ricky Straight Vintage Jean,True Religion
290.27999877929688,Trina Turk Women's Elizabeth Toggle Coat,Trina Turk
289.989990234375,Tommy Hilfiger Men's Lamb 2 Pocket Moto Jacket,Tommy Hilfiger
289.989990234375,Sitka Gear Men's Stratus Windstopper Jacket,Sitka Gear
289.95001220703125,Carhartt Mens Duck Bib Quilt Lined,Carhartt
289.0,Arcteryx Beta SL Jacket - Women's,Arc'teryx
288.0,Plus Size Analisa Lace Column Dress,Kiyonna
288.0,French Connection Women's T-Stella Crepe Jacket,French Connection
288.0,Karla Colletto Gold Trim Tank Dress,Karla Colletto
288.0,French Connection Women's Lust Sequins Dress,French Connection
288.0,Long Le Fay Hoodie in Black by Prairie Underground,Prairie Underground
288.0,Trina Turk Women's Pasha Pant,Trina Turk
287.6400146484375,Trina Turk Women's Ali Wrap Coat,Trina Turk
286.0,Candela Women's Gaba Skirt,Candela
286.0,True Religion Men's Bobby Zipper Jean,True Religion
286.0,Autumn Cashmere Women's New Rib Drape,Autumn Cashmere
286.0,True Religion Men's Geno Workwear Slim Jean,True Religion
285.0,Mountain Hardwear Men's Ghost Whisperer Down Jacket,Mountain Hardwear
285.0,Mountain Hardwear Men's Ghost Whisperer Down Jacket,Mountain Hardwear
285.0,Karla Colletto Outlines One Piece Tank,Karla Colletto
285.0,Robert Rodriguez Women's Draped Tie Top,Robert Rodriguez
285.0,Autumn Cashmere Women's Color Block Boxy Boatneck Tunic,Autumn Cashmere
285.0,Mountain Hardwear Women's Ghost Whisperer Down Jacket,Mountain Hardwear
284.75,Marc New York by Andrew Marc Men's Nolan Natural Rugged Lamb Open Bottom Jacket,Marc New York by Andrew Marc
284.0,Velvet Women's Farah Allover Sequin Dress,Velvet
283.33999633789062,HUGO BOSS Men's Innovation Boxer Brief,HUGO BOSS
282.239990234375,Diesel Men's Weroker Jacket,Diesel
282.0,Spiewak Men's Grant Deck Parka,Spiewak
282.0,True Religion Men's Bobby Vintage Jean,True Religion
280.67001342773438,Anne Klein Collection Women's Shawl Collar Jacket,Anne Klein
280.0,Helly Hansen Velocity Insulated Ski Jacket Mens,Helly Hansen
280.0,Volcom T.D.S. Pant - Men's,Volcom
280.0,Oakley Men's Racing Jacket Oval Sunglasses,Oakley
280.0,Oakley Men's Racing Jacket Oval Sunglasses,Oakley
280.0,Hanro Men's Plaza Robe,Hanro
280.0,Columbia Men's Rare Earth Interchange Jacket,Columbia
279.989990234375,Jones New York Men's Athletic Fit Suit,Jones New York
279.989990234375,BCBGMAXAZRIA Women's Whitley Woven City Jacket,BCBGMAXAZRIA
279.989990234375,Joseph Abboud Mens 2 Button Gray Sharkskin Wool Suit,Joseph Abboud
279.95001220703125,Outdoor Research Women's Igneo Jacket,Outdoor Research
279.0,Pure Cashmere Robe for Men,Cashmere Boutique
279.0,Barbour Cavalry Polarquilt Jacket,Barbour
279.0,Savile Row Mens Grey Herringbone Wool Cashmere Jacket,The Savile Row Company
279.0,Sitka Gear Men's Softshell Jacket,Sitka Gear
279.0,Pure Cashmere Robe for Women,Cashmere Boutique
279.0,Arcteryx Beta SL Jacket - Men's,Arc'teryx
278.0,Diesel Men's Jinkenitor Jacket,Diesel
278.0,Joie Women's Shirin Sweater,Joie
278.0,Plenty by Tracy Reese Women's Ponte Blazer,Plenty by Tracy Reese
277.07998657226562,Trina Turk Women's Chloe Text Coat,Trina Turk
276.5,LINCS DC &Co Men's Double Knit Blazer,LINCS DC & Co
276.32000732421875,Joseph Abboud Men's 2 Button Structured Shoulder Side Vent Plaid Sport Coat,Joseph Abboud
276.32000732421875,Joseph Abboud Men's 2 Button Side Vent Plaid Sport Coat,Joseph Abboud
275.0,Canada Goose Women's Freestyle Vest,Canada Goose
275.0,Robert Rodriguez Women's Beaded V-Neck Tank,Robert Rodriguez
275.0,Derek Rose Men's Pajama Set,Derek Rose
275.0,What Katie Did L6051 Morticia Corset,What Katie Did
275.0,Derek Rose Men's Lightweight Flannel Classic Pajama Set,Derek Rose
275.0,A Pea in the Pod Collection: BCBG Long Sleeve Exposed Zipper Maternity Dress,BCBGMAXAZRIA
275.0,Twelfth Street by Cynthia Vincent Women's Leather Placket Bell Sleeve,Twelfth Street by Cynthia Vincent
275.0,Bailey 44 Women's Zax Jacket,Bailey 44
275.0,Derek Rose Men's Rich Dobby Striped Classic Pajama Set,Derek Rose
275.0,Minnie Rose Women's V-Neck Dolman Sleeve Pullover,Minnie Rose
274.989990234375,Zoot Sports Men's Ultra Speedzoot Swim Race Suit,Zoot
274.0,Magaschoni Women's 100% Cashmere Color Block Turtle Neck,Magaschoni
272.0,RMC Martin Ksohoh jeans Tsunami Wave with Painted Logo jeans REDM1473,RMC Martin Ksohoh
270.0,Mountain Hardwear Men's Exposure Parka,Mountain Hardwear
270.0,Salomon Women's Exposure II Jacket,Salomon
270.0,Laundry by Shelli Segal Women's One Shoulder Beaded Gown,laundry by SHELLI SEGAL
270.0,Volcom Men's Three's Ins Jacket,Volcom
270.0,Eva Franco Women's Alexa V-Neck Dress,Eva Franco
269.989990234375,DKNY Mens 2 Button Flat Front Black Pinstripe Slim Fit Wool Suit,DKNY
269.5,Paul Fredrick Cotton Velvet Two-Button Houndstooth Sportcoat,Paul Fredrick
269.5,Paul Fredrick Two-Button Fineline Stripe Sportcoat,Paul Fredrick
269.5,Paul Fredrick Wool \ Silk Three-Button Houndstooth Sportcoat,Paul Fredrick
269.3900146484375,Merrell Women's Haven Insulated Duffel Coat,Merrell
269.3900146484375,Merrell Women's Isadore Down Coat,Merrell
269.0,Mycra Pac Long Donatella Women's Fashion Travel Raincoat,Mycra Pac
269.0,Mens Pure Cashmere Polo Sweater,Oxfords Cashmere
269.0,Huntmaster Cashmere Sweater,Orvis
268.20001220703125,Cluny Women's Soft Draped Pants,Cluny
268.0,Robert Graham Men's Crossjack,Robert Graham
268.0,J Brand 1448 The Brix in Vintage Evergreen,J BRAND
268.0,Plenty by Tracy Reese Women's Lace Front Shift Dress,Plenty by Tracy Reese
268.0,True Religion Men's Bobby Zipper Jean,True Religion
268.0,Trina Turk Women's Solitaire Pant,Trina Turk
268.0,Robert Graham Men's Freeboard,Robert Graham
267.989990234375,HALSTON HERITAGE Women's Sleeveless Mock Neck Dress,Halston Heritage
267.5,Tiffany 4047B 80553C Black 4047B Sunglasses,Tiffany
266.66000366210938,Diesel Men's Weroxim Jacket,Diesel
265.989990234375,Ben Sherman Men's Plectrum Double Button Blazer,Ben Sherman
265.51998901367188,Fleur Of England Berry Kiss Silk Babydoll FT751,Fleur Of England
265.0,Mountain Hardwear Women's Kelvinator Jacket,Mountain Hardwear
265.0,Mountain Hardwear Men's Kelvinator Down Jacket,Mountain Hardwear
265.0,Scotch & Soda Men's Chunky Shawl Collar Cardigan,Scotch & Soda
265.0,Scotch & Soda Men's Outdoor Jacket,Scotch & Soda
265.0,laundry BY SHELLI SEGAL Women's Pleated Jersey and Sequin Dress,laundry by SHELLI SEGAL
265.0,EARNEST SEWN DENIM Men's Fulton Slim Fit Jean,Earnest Sewn
265.0,Hanro Men's Turin Pajama Set,Hanro
264.67001342773438,Pendleton The Portland Collection Women's Coos Curry Cardigan,Pendleton
264.0,Myne Women's Vera Dress,Myne
264.0,Joseph Abboud Men's Two-button Side Vent Sport Coat,Joseph Abboud
264.0,Prairie Underground Women's Long Cloak Hoodie,Prairie Underground
264.0,True Religion Men's Ricky Straight Leg Jean,True Religion
264.0,True Religion Men's Geno Baja Slim Jean,True Religion
264.0,Joseph Abboud Men's Super 120's Two Button Side Vent Blazer,Joseph Abboud
264.0,Joseph Abboud Men's Two-Button Side Vent Sport Coat,Joseph Abboud
264.0,Joseph Abboud Men's Two-button Side Vent Sport Coat,Joseph Abboud
264.0,Joseph Abboud Men's Two-button Side Vent Sport Coat,Joseph Abboud
262.239990234375,Majestic International Men's Plaid Tiding Long Sleeve Kimono Robe,Majestic International
261.0,BCBGMAXAZRIA Women's Jaimy Novelty Back Jacket,BCBGMAXAZRIA
260.44000244140625,Vivienne Westwood Anglomania Women's Liberty Dress,Vivienne Westwood
260.0,True Religion Men's Ricky Overdye Jean,True Religion
260.0,Marmot Athena Jacket - Women's,Marmot
260.0,Arena Men's Powerskin R-EVO Jammer Race,Arena
260.0,True Religion Women's Halle Metallic Spray Jean,True Religion
260.0,Oakley Men's Radar Path Iridium Polarized Sunglasses,Oakley
259.989990234375,Tommy Hilfiger Men's Windowpane Trim Fit Suit,Tommy Hilfiger
259.989990234375,Tommy Hilfiger Men's Tattersal Trim Fit Suit,Tommy Hilfiger
259.989990234375,Tommy Hilfiger Men's Plaid Trim Fit Suit,Tommy Hilfiger
259.989990234375,Joseph Abboud Mens 2 Button Flat Front Solid Black Wool Suit,Joseph Abboud
259.989990234375,Calvin Klein Mens 2 Button Solid Black Wool Suit,Calvin Klein
259.989990234375,Ball Gown Strapless Formal Prom Wedding Dress #2714,US Fairytailes
259.989990234375,Tommy Hilfiger Men's Slim Stripe Trim Fit Suit,Tommy Hilfiger
259.989990234375,Tommy Hilfiger Men's Houndstooth Trim Fit Suit,Tommy Hilfiger
259.989990234375,Calvin Klein Mens Navy Blue Pindot Slim Fit Wool Suit,Calvin Klein
259.989990234375,Calvin Klein Mens Black Pinstripe Slim Fit Wool Cashmere Suit,Calvin Klein
259.69000244140625,Yoana Baraschi Women's 7th Heaven Tweed Jacket,Yoana Baraschi
259.0,Costa Del Mar - Blackfin - Camo Frame-580 Green Mirror Glass Polarized Lenses,Costa Del Mar
259.0,Costa Del Mar - Blackfin - Camo Frame-580 Green Mirror Glass Polarized Lenses,Costa Del Mar
259.0,Arc'teryx Men's Atom SV Hoody,Arc'teryx
259.0,Women's Short Robe in Pure Cashmere,Cashmere Boutique
259.0,Arc'teryx Atom SV Hooded Insulated Jacket - Women's,Arc'teryx
258.989990234375,Tommy Hilfiger Men's 2 Button Side Vent Trim Fit Solid Suit with Flat Front Pant,Tommy Hilfiger
258.989990234375,Tommy Hilfiger Men's 2 Button Side Vent Trim Fit Suit with Flat Front Pant,Tommy Hilfiger
258.75,Maison Scotch Women's Parka with Wired Hood,Maison Scotch
258.0,Cluny Women's Silk And Knit Tunic Dress,Cluny
258.0,Karla Colletto Grommets One Piece Plunge,Karla Colletto
258.0,Madison Marcus Women's Magnetic Woven Lace Blouse,Madison
258.0,Joie Women's Valera Sweater,Joie
258.0,Diesel Men's Thavar Skinny Straight Leg Jean,Diesel
258.0,Pendleton Women's Trimmed Herringbone Blazer,Pendleton
257.95001220703125,Spiewak Women's Mcelroy Jacket,Spiewak
257.0,True Religion Men's TRBJ Ricky Straight Jean,True Religion
255.0,Spiewak The Plymouth Jacket in Brown Caramel,Spiewak
255.0,Diesel Men's Krooley Regular Carrot Jean,Diesel
255.0,Michael Kors Men's Marlow Wool-Blend Single-Breasted Fitted Top Coat,Michael Kors
254.94999694824216,Carhartt FRJ184 Flame-Resistant Duck Active Quilt-Lined Jac,Carhartt
254.94999694824216,Carhartt Men's Flame Resistant Heavyweight Duck Traditional Coat,Carhartt
253.99000549316409,Via Spiga Women's maria Stand Collar Wool Coat,Via Spiga
253.0,Corey Lynn Calter Women's Sam Pant,CoreyLynnCalter
253.0,True Religion Women's TRBJ Serena Fashion Embellishement,True Religion
251.3699951171875,Pendleton The Portland Collection Women's Ram's Horn Knit Crew Neck Sweater,Pendleton
251.25,Marc New York by Andrew Marc Men's Cruz Soft Leather Open Bottom Jacket,Marc New York by Andrew Marc
250.69000244140625,Cole Haan Women's Taffeta Down Coat,Cole Haan
250.0,Black Cloak Hoodie By Prairie Underground,Prairie Underground
250.0,Scotch & Soda Men's Tweed Blazer,Scotch & Soda
250.0,G-Star Women's Attacc Denim Jacket,G-Star
250.0,Mountain Hardwear Nitrous Hooded Jacket - Men's,Mountain Hardwear
250.0,Outdoor Research Men's Virtuoso Jacket,Outdoor Research
250.0,Craghoppers Men's Field Gore-Tex Jacket,Craghoppers
250.0,Outdoor Research Women's Virtuoso Jacket,Outdoor Research
250.0,Pendleton The Portland Collection Women's Wallowa Cardigan,Pendleton
250.0,Vivienne Westwood Anglomania Women's New Petite Jacket,Vivienne Westwood
250.0,Original Penguin Men's Lightweight Blazer,Original Penguin
250.0,Icebreaker Men's Kodiak Zip Jacket,Icebreaker
250.0,Mountain Hardwear Women's Hunker Down Parka,Mountain Hardwear
250.0,A Pea in the Pod Collection: Michael Stars Long Sleeve Belted Maternity Sweater,Michael Stars
250.0,Icebreaker Women's Athenarap Sweater,Icebreaker
250.0,Fred Perry Men's Waffle Shawl Collar Cardigan,Fred Perry
250.0,Scotch & Soda Men's Japanese Styled Blazer,Scotch & Soda
250.0,Derek Rose Men's Flannel Classic Pajama Set,Derek Rose
250.0,Icebreaker Men's Orion Sweater,Icebreaker
249.99000549316409,True Religion Men's Joey Super T,True Religion
249.99000549316409,Ralph Lauren Women Plaid Wool Blazer Jacket,Ralph Lauren
249.99000549316409,Michael Kors Mens 2 Button Flat Front Dark Navy Blue Pinstripe Wool Suit,Michael Kors
249.99000549316409,Sutton Studio Women's Cashmere Blazer Jacket Plus,Sutton Studio
249.99000549316409,Levi's Men's Leather Racer Jacket,Levi's
249.99000549316409,Tommy Hilfiger Men's 2 Button Side Vent Windowpane Trim Fit Sport Coat,Tommy Hilfiger
249.99000549316409,Ralph Lauren Mens Single Breasted 2 Button Navy Blue Wool Blazer Sport Coat Jacket,Ralph Lauren
249.94999694824216,Columbia Womens Sleet To Street Parka,Columbia
249.94999694824216,Columbia Womens Sleet To Street Parka,Columbia
249.94999694824216,Mantoni 2 Button Men's Tuxedo Suit with Vest Solid Black 100% Virgin Wool,Mantoni
249.94999694824216,Spyder Alpine Insulated Ski Jacket Mens,Spyder
249.94999694824216,Mantoni 1 Button PEAK Lapel Men's Tuxedo Suit with Vest Solid Black 100% Virgin Wool,Giorgio Fiorelli
249.94999694824216,Carhartt Men's Flame Resistant Midweight Active Jacket,Carhartt
249.88999938964844,The North Face Men's Small - XLarge Nuptse 2 Jacket,The North Face
249.5,Paul Fredrick Two-Button Cotton Velvet Blazer,Paul Fredrick
249.0,Washed-tweed Dress Vest,Orvis
249.0,Jones New York Women's No Closure Jacket,Jones New York
249.0,Silk Tweed Jacket / Regular,Orvis
249.0,WHAT GOES AROUND COMES AROUND Women's Bennet Jacket,What Goes Around Comes Around
249.0,United Face Mens Hooded Reversible Leather Bomber Jacket,United Face
249.0,Silk Tweed Jacket / Long,Orvis
248.97999572753903,FactoryExtreme Showman Men's Brown Biker Leather Jacket,FactoryExtreme
248.97999572753903,FactoryExtreme Arctic Freeze Women's Black Bomber Leather Jacket with Hoodie,FactoryExtreme
248.8500061035156,Michael Kors Men's Full Zip,Michael Kors
248.0,Lilly Pulitzer Women's Millie Jacket,Lilly Pulitzer
248.0,BCBGMAXAZRIA Women's Rigby Striped Ponte Sheath Dress,BCBGMAXAZRIA
248.0,BCBGMAXAZRIA Women's Meyna Blocked Sheath Dress,BCBGMAXAZRIA
248.0,BCBGMAXAZRIA Women's Bowie Printed Tuxedo Jacket,BCBGMAXAZRIA
248.0,Ella moss Women's Tiara Dress,Ella Moss
248.0,Cluny Women's Printed Skirt,Cluny
248.0,BCBGMAXAZRIA Women's Palais One Shoulder Luxe Satin,BCBGMAXAZRIA
248.0,TEXTILE Elizabeth and James Women's Painter Ozzy,TEXTILE Elizabeth and James
247.5,Bailey 44 Women's Thurston Howell Iii Jacket,Bailey 44
247.5,Boston Harbour Men's Button Front Walker Jacket,Boston Harbour
247.5,Maison Scotch Women's Long Wool Feminine Coat with Leather Details,Maison Scotch
247.38999938964844,Robert Rodriguez Women's Double Breasted Blazer,Robert Rodriguez
246.0,True Religion Men's Bobby 1971 Jean,True Religion
246.0,True Religion Women's Jayde Gold Fashion Vintage Short,True Religion
245.94999694824216,Volcom Men's Vapato Chino Pant,Volcom
245.0,Hanro Men's Lexington Robe,Hanro
245.0,COOGI Authentic Crew Sweater.,COOGI
243.94999694824216,Diesel Men's Safado Slim Straight Leg 802I Jean,Diesel
243.94999694824216,Spiewak Men's Dugan Pea Coat,Spiewak
243.0,DOLCE & GABBANA DG4167 501/8G BLACK GRAY GRADIENT 5917,Dolce & Gabbana
243.0,DOLCE & GABBANA DG4167 501/8G BLACK GRAY GRADIENT 5917,Dolce & Gabbana
243.0,DOLCE & GABBANA DG4167 501/8G BLACK GRAY GRADIENT 5917,Dolce & Gabbana
242.28999328613281,Genuine leather Trench Coat - Style GFTRM,Giovanni Navarre
242.28999328613281,Genuine leather Trench Coat - Style GFTRM,Giovanni Navarre
242.0,True Religion Men's Ricky Straight Leg Jean,True Religion
242.0,True Religion Women's Halle Mid Rise Lonestar Jean,True Religion
240.97999572753903,Robert Rodriguez Women's Turtleneck Tail Cardigan,Robert Rodriguez
240.75,True Religion Men's Ricky Nickel Stud Logo Jean,True Religion
240.6499938964844,True Religion Men's Ricky SPT Boot Cut Jean,True Religion
240.0,New Tom Ford Jennifer Sunglasses TF 8 692 TF8 Dark Brown Frame Gradient Brown Shades Size: 61-16-120,Tom Ford
240.0,Red Carter Rainbow Brights Asymmetrical One Piece,Red Carter
240.0,Diesel Men's Thanaz Skinny Jean,Diesel
240.0,Icebreaker Men's Orion Cardigan,Icebreaker
240.0,True Religion Women's Serena Glitter Coated Jean,True Religion
240.0,Diesel Men's Judocu Jacket,Diesel
240.0,True Religion Women's Halle Super Vixen Skinny Jean,True Religion
239.99000549316409,Levi's Men's Leather Two-Pocket Fashion Moto Jacket,Levi's
239.99000549316409,Icebreaker Men's Carve Zip Sweater,Icebreaker
239.99000549316409,Tommy Hilfiger Mens Trim Fit Gray Pinstripe Wool Suit,Tommy Hilfiger
239.99000549316409,Mens Motorcycle Biker Premium Naked Cowhide Black Leather Jacket Sport Collar,Bikeraccess
239.99000549316409,Elie Tahari Mens 2 Button Flat Front Charcoal Gray Pinstripe Wool Suit,Elie Tahari
239.99000549316409,Icebreaker Women's Cascade Hood,Icebreaker
239.99000549316409,Elie Tahari Mens 2 Button Flat Front Gray Nailhead Wool Suit,Elie Tahari
239.99000549316409,Elie Tahari Mens 2 Button Flat Front Black Pinstripe Wool Suit,Elie Tahari
239.99000549316409,Tallia Mens 2 Button Flat Front Dark Gray 3 Piece Check Suit,Tallia
239.94999694824216,D&G Jeans,D&G Dolce & Gabbana
239.94999694824216,Sunglasses Gucci 4225/S 0ADJ White,Gucci
239.94999694824216,Sunglasses Gucci 4225/S 0ADJ White,Gucci
239.94999694824216,Rab Microlight Alpine Down Jacket - Women's,RAB
239.91000366210935,Merrell Women's Ellenwood Insulated Coat,Merrell
239.86000061035159,Diesel Men's Wittory Jacket,Diesel
239.72000122070312,Evan Picone Women's Large Herringhone Pant Suit,Evan Picone
239.5,Paul Fredrick Cotton Denim Two-Button Sportcoat,Paul Fredrick
239.0,Joseph Abboud Men's 2 Button Side Vent Corduroy Coat,Joseph Abboud
239.0,J.C. Rags Men's Navajo Cardigan,J.C. Rags
239.0,Zimmerli Ultrafine Filo di Scozia Cotton Shorty Pajamas,Zimmerli of Switzerland
239.0,Mycra Pac Short Donatella Raincoat - Scroll,Mycra Pac
238.97999572753903,FactoryExtreme Chain Moto Women's Black Biker Leather Jacket,FactoryExtreme
238.97999572753903,FactoryExtreme Suburban Leap Dark Men's Brown Leather Blazer,FactoryExtreme
238.97999572753903,FactoryExtreme Whimsical Victorian Women's Black Biker Leather Jacket,FactoryExtreme
238.97999572753903,FactoryExtreme Pacific Shore Women's Black Biker Leather Jacket,FactoryExtreme
238.97999572753903,FactoryExtreme Quilted Channel Stripes Women's Black Biker Leather Jacket,FactoryExtreme
238.97999572753903,FactoryExtreme X-Factor Hoodie Men's Black Bomber Leather Jacket,FactoryExtreme
238.80000305175781,Trina Turk Women's Henrietta Blazer,Trina Turk
238.0,Letarte Womens Popcorn Embroidered Sleeveless Tunic,Letarte
238.0,Joie Women's Edaline B Printed Blouse,Joie
238.0,True Religion Women's Becky Classics Jean,True Religion
237.5,Kristen Blake Women's Saga Fox Shawl Collar Coat,Kristen Blake
237.00999450683597,Margaret O'Leary Women's Double Face Hoodie,Margaret O'Leary
237.0,Kenneth Cole Men's Wade Fashion Coat,Kenneth Cole
236.97999572753903,Jack Spade Men's Sanborn Twill Blazer,Jack Spade
236.83999633789065,Jones New York Men's 24/7 Total Comfort Sharkskin Suit,Jones New York
236.83999633789065,Jones New York Men's 24/7 Total Comfort Stripe Wool Suit,Jones New York
236.83999633789065,Jones New York Men's 24/7 Total Comfort Stripe Suit,Jones New York
236.83999633789065,Jones New York Men's 24/7 Total Comfort Sharkskin Wool Suit,Jones New York
235.0,True Religion Women's Tony Pony Express Slim Jean,True Religion
235.0,Ted Baker Women's Gabbiey,Ted Baker
235.0,Arc'teryx Men's Epsilon SV Hoody,Arc'teryx
235.0,True Religion Men's Ricky Straight Rigid Jean,True Religion
235.0,True Religion Women's Cameron Boyfriend Jean,True Religion
235.0,True Religion Women's Joey Flare Jean,True Religion
234.94999694824216,Carhartt Men's Big-Tall Flame Resistant Heavyweight Duck Bomber Jacket,Carhartt
234.92999267578125,Sierra Designs Women's Gnar Hoody,Sierra Designs
233.94999694824216,Diesel Men's Zathan Regular Bootcut Jean,Diesel
233.0,TOM FORD WILLIAM TF0207 TF207 Sunglasses 59-15-135,Tom Ford
233.0,True Religion Women's Carrie Flare Side Weave Jean,True Religion
232.47999572753903,Pearl Izumi Men's Pro Softshell Jacket,Pearl iZUMi
232.0,4 Ply Shephe Men's Turtleneck Cashmere Sweater,Shephe
231.41999816894528,French Connection Women's Classic Wonderwool Coat,French Connection
230.17999267578125,Austin Reed Men's Signature Two Piece Suit,Austin Reed
230.13999938964844,Perry Ellis Portfolio Men's Lamb Open Bottom Jacket,Perry Ellis
230.0,G-Star Men's Arc 3D Loose Tapered Jean,G-Star
230.0,Hanro Men's City Pajama Set,Hanro
230.0,Volcom Men's Armor Jacket,Volcom
230.0,G-Star Men's Whistler Hooded Vest,G-Star
230.0,The North Face S-XL Gotham Jacket,The North Face
230.0,camilla and marc Women's Expressionist Spot One Piece,Camilla and Marc
230.0,Mountain Hardwear Nitrous Down Jacket - Women's,Mountain Hardwear
229.99000549316409,Tommy Hilfiger Men's Side Vent Trim Fit Tuxedo Coat,Tommy Hilfiger
229.99000549316409,Tommy Hilfiger Men's Two Button Trim Fit 100% Wool Suit Separate Coat,Tommy Hilfiger
229.99000549316409,Phistic Women's Long Hooded Puffer Down Coat with Faux Fox Fur Trim,phistic
229.99000549316409,Perry Ellis Men's Lamb Zip Front Open Bottom Jacket,Perry Ellis
229.99000549316409,Icebreaker Men's Quantum Hood,Icebreaker
229.99000549316409,Levi's Men's Leather Racer Quilted Shoulders Jacket,Levi's
229.99000549316409,Perry Ellis Men's Lamb Zip Front Side Elastic Waist Jacket,Perry Ellis
229.99000549316409,Icebreaker Women's Quantum Hood,Icebreaker
229.99000549316409,Tommy Hilfiger Mens 2 Button Side Vent Trim Fit 100% Wool Suit Separate Coat,Tommy Hilfiger
229.0,Woolrich Men's Langhorn Jacket,Woolrich
229.0,Jones New York Women's Classic Tuxedo Jacket,Jones New York
229.0,Spiewak Women's Mcelroy Parka,Spiewak
229.0,Marc New York by Andrew Marc Men's Wiley 34 Inch Button Placket Front Wool Blend Car Coat,Marc New York by Andrew Marc
229.0,Queenshiny Women's Knitted Mink Fur Vest,Queenshiny
229.0,Zeilei 7528 Allover Sequins Strapless Evening Prom Pageant Dress,Prom21
228.0,Joie Women's Armelio Sweater,Joie
228.0,J.C. Rags Men's Two Tone Blazer,J.C. Rags
228.0,Armani Exchange Soho Blazer,A:X Armani Exchange
228.0,Ella Moss Women's Mazzy Blazer,Ella Moss
228.0,Kate Spade New York Gold Coast-Lacey Wallet,Kate Spade
228.0,GUESS by Marciano Kansas Jumpsuit,GUESS by Marciano
228.0,A Pea in the Pod Collection: French Connection Sleeveless Sheath Maternity Dress,French Connection
228.0,Robert Graham Men's Gamboge Striped Sport Shirt,Robert Graham
228.0,Robert Graham Men's Gobline,Robert Graham
228.0,Calvin Klein Sportswear Men's 3/4 Coat With Stand Up Collar,Calvin Klein
228.0,Pendleton Women's Petite Suit Jacket,Pendleton
228.0,Calvin Klein Sportswear Men's Melton Wool Basic Peacoat,Calvin Klein
228.0,BCBGMAXAZRIA Women's Bowie Tuxedo Jacket,BCBGMAXAZRIA
228.0,French Connection Women's Unno Dress,French Connection
227.63999938964844,American Essentials Men's Sleepwear Premium Silk Cotton 2-Piece Pajama Set,American Essentials
227.5,Alfani Red Gray Wool LS 2 Button Sport Coat,Alfani
227.0,True Religion Men's Bobby Phoenix Straight Jean,True Religion
227.0,Giada Forte Womens Full Long Length Cotton Skirt,Giada Forte
225.5,Calvin Klein Jeans Men's Structured Military Jacket,Calvin Klein Jeans
225.0,Zambezi Twill Jacket / Regular,Orvis
225.0,Raffi Linea Uomo Men's 100% Cashmere Shawl Sweater,Raffi
225.0,Canada Goose Men's Aviator Hat,Canada Goose
225.0,Tommy Hilfiger Men's Trim Fit 2 Button Side Vent Mini Houndstooth Sport Coat,Tommy Hilfiger
225.0,MICHAEL Michael Kors Women's Belted Safari Jacket,MICHAEL Michael Kors
225.0,laundry BY SHELLI SEGAL Women's Sequin Blouson Cocktail Dress,laundry by SHELLI SEGAL
225.0,Tommy Hilfiger Men's Trim Fit 2 Button Side Vent Gingham Sport Coat,Tommy Hilfiger
225.0,Countryside Cashmere Cardigan / Regular,Orvis
225.0,AG Adriano Goldschmied Women's Santa Fe Skinny Fit Legging Jean,AG Adriano Goldschmied
225.0,A Pea in the Pod Collection: Citizens of Humanity Avedon Secret Fit Belly(r) 5 Pocket Slim Leg Maternity Jeans,Citizens of Humanity
225.0,Ibex Women's Pez Lng Sweater,Ibex
225.0,Ibex Women's Pez Lng Sweater,Ibex
225.0,Roxy SNOW Women's Meridian,Roxy
225.0,Original Penguin Men's 2 Button Peaked Lapel Jacket,Original Penguin
225.0,Derek Rose Men's Button-Through Nightshirt,Derek Rose
224.94999694824216,Merrell Women's Wakefield Car Coat,Merrell
224.94999694824216,Royal Robbins Women's Zip N' Go Pant,Royal Robbins
224.94999694824216,Royal Robbins Women's Zip N' Go Pant,Royal Robbins
224.0,Helene Berman Women's Tuxedo Front Sequin Trim Blazer,Helene Berman
224.0,True Religion Men's Bobby Snake Eyes Straight Jean,True Religion
223.97000122070312,Anne Klein Collection Women's Angled Shawl Blazer,Anne Klein
223.97000122070312,Anne Klein Collection Women's Single Button Soft Blazer,Anne Klein
223.97000122070312,Anne Klein Collection Women's Shawl Collar Jacket,Anne Klein
223.94999694824216,Diesel Men's Shioner Skinny Straight Leg Jean,Diesel
223.5,Joe's Jeans Women's Dalia Jacket,Joe's Jeans
222.0,True Religion Women's Billy Straight Jeans,True Religion
221.97999572753903,FactoryExtreme Neptune Men's Black Biker Leather Jacket,FactoryExtreme
221.05000305175781,Joseph Abboud Men's Brown Velvet 2 Button Side Vent Sport Coat,Joseph Abboud
221.0,4 Ply Shephe Men's Mock Turtleneck Cashmere Sweater,Shephe
220.0,Oakley Men's Radarlock Shield Sunglasses,Oakley
220.0,G-Star Men's 3301 Straight Long Jean,G-Star
220.0,Kasper Women's Unmatched Jacquard With Crepe Pant,Kasper
220.0,The North Face Kizamm Womens Insulated Ski Jacket 2013,The North Face
220.0,G-Star Men's Attacc Low Straight Jean,G-Star
220.0,Oakley Men's Racing Jacket Oval Sunglasses,Oakley
220.0,Diesel Men's Zathan 885S Regular Bootcut Jean,Diesel
220.0,Schaefer The Original Duster,Schaefer Outfitters
220.0,Icebreaker Men's Aries Cardigan Shirt,Icebreaker
220.0,Mountain Hardwear Women's Downtown Parka,Mountain Hardwear
219.99000549316409,Sean John Mens 3 Button Steel Gray Suit,Sean John
219.5,Paul Fredrick Trim Fit Twill Weave Double-Breasted Suit Jacket,Paul Fredrick
219.5,Paul Fredrick Twill Weave Two-Button Suit Jacket,Paul Fredrick
219.5,Paul Fredrick Trim Fit Twill Weave Two-Button Suit Jacket,Paul Fredrick
219.5,Paul Fredrick Wool Two-Button Sportcoat,Paul Fredrick
219.5,Paul Fredrick 100% Wool Two-Button Plaid Sportcoat,Paul Fredrick
219.5,Performance Glen Plaid Double-Breasted Sportcoat,Paul Fredrick
219.5,Paul Fredrick Twill Weave Double-Breasted Suit Jacket,Paul Fredrick
219.0,Mens Denim Style Leather Vest with Reflective Trim. American Made,Hillside USA Leather Inc.
219.0,Woolrich Men's Quehanna Cardigan Sweater,Woolrich
219.0,Maui Jim Canoes Sunglasses - Polarized,Maui Jim
219.0,Ramonti Womens B-3 Leather Aviator Fur Bomber Jacket,Ramonti
219.0,Men's Ed Hardy Hooded Sweat Jacket Fur Lined Tiger Rose Hoodie in Blue,Ed Hardy
219.0,United Face Womens Hooded Reversible Fur Leather Bomber Jacket,United Face
219.0,Arc'teryx Atom LT Jacket - Women's,Arc'teryx
219.0,Arc'teryx Atom LT Jacket - Women's,Arc'teryx
219.0,Eddie Bauer WeatherEdgeÂ® Long Trench Coat,Eddie Bauer
219.0,Eddie Bauer First Ascent Heyburn 2.0 Pants,Eddie Bauer
219.0,Ramonti Mens Brown B-3 Leather Bomber Jacket,Ramonti
218.94999694824216,Costa Del Mar Caballito Polarized Sunglasses - Costa 580 Glass Lens,Costa Del Mar
218.82000732421875,Rebecca Minkoff Women's Becky Jacket,Rebecca Minkoff
218.49000549316409,Tommy Hilfiger Men's 2 Button Side Vent Herringbone Trim Fit Sport Coat,Tommy Hilfiger
218.19999694824216,Playtex Women's 18 Hour Stylish Support,Playtex
218.0,Diesel Men's Larkee Relaxed Straight Leg Jean,Diesel
218.0,7 For All Mankind Men's The Straight Modern Jean,7 For All Mankind
218.0,Karen Kane Women's Sequin Wool Blazer,Karen Kane
218.0,Letarte Talking Heads Pants,Letarte
218.0,True Religion Maternity Jeans : Casey Legging - Buckeye,True Religion
218.0,Plenty by Tracy Reese Women's Surplice Dress Black,Plenty by Tracy Reese
217.99000549316409,Michael Kors Men's Flannel Slim Jacket,Michael Kors
216.80000305175781,Champion Women's Absolute Workout Short,Champion
215.80000305175781,Kasper 3 Piece Eternal City Pant Suit,Kasper
215.6000061035156,Amanda Uprichard Women's Branston Dress,Amanda Uprichard
215.0,AG Adriano Goldschmied Men's 5 Pocket Matchbox Slim Straight Jean,AG Adriano Goldschmied
215.0,AG Adriano Goldschmied Men's Geffen Easy Slim Fit Jean,AG Adriano Goldschmied
215.0,TEXTILE Elizabeth and James Women's Bianca Shirt,TEXTILE Elizabeth and James
215.0,GPUFashion 100% Silk Robe Mens,GPUFashion
215.0,7 For All Mankind Women's Roxanne Slim Fit Jean,7 For All Mankind
215.0,Madison Marcus Women's Electric Woven Solid Shirt,Madison
215.0,7 For All Mankind Women's A Pocket Jean,7 For All Mankind
215.0,Filson Mens 11010LD Midweight Merino Wool Pullover - Loden,Filson
215.0,Filson Whipcord Western Vest 10064DY - Dark Gray,Filson
215.0,A Pea in the Pod Collection: AG Jeans Secret Fit Belly(r) 5 Pocket Maternity Jeans,AG Jeans
215.0,7 For All Mankind Women's Josefina Jean,7 For All Mankind
214.5,Tom Ford Jennifer FT0008 Sunglasses - 38F Transparent Brown (Gradient Brown Lens) - 61mm,Tom Ford
214.0,True Religion Men's Ricky Straight Jean,True Religion
214.0,Maui Jim Surf Rider Sunglasses,Maui Jim
214.0,Diesel - Mens Viker 0888E Denim Jeans,Diesel
214.0,Diesel Men's Viker Regular Slim-Fit Straight-Leg Jean,Diesel
213.94999694824216,Diesel Men's Zathan Regular Bootcut Fit Jean,Diesel
213.71000671386719,Trina Turk Women's Gaston Jacket,Trina Turk
213.16000366210935,Hudson Men's Webber Flap Pocket Bootcut Jean,Hudson
212.0,MontBell Alpine Light Down Parka - Men's,MontBell
211.11000061035159,MICHAEL Michael Kors Women's Hooded Leather Jacket,MICHAEL Michael Kors
210.0,Men's St. Croix Long Sleeve Cotton Milano V-Neck Sweater,St Croix
210.0,Oakley Women's Gb Favorite Insulated Pant,Oakley
210.0,Joe's Jeans Men's Slim Fit Straight Leg Brixton,Joe's Jeans
210.0,Jones New York Men's 2 Button Solid Sport Coat,Jones New York
210.0,G-Star Men's Attacc Straight Vintage Jean,G-Star
210.0,A Pea in the Pod Collection: Hudson Petite Secret Fit Belly(r) 5 Pocket Boot Cut Maternity Jeans,Hudson
210.0,Scotch & Soda Men's Tuxedo Blazer,Scotch & Soda
210.0,A Pea in the Pod Collection: AG Jeans Ballad Secret Fit Belly(r) Stretch Fabric Boot Cut Maternity Jeans,AG Jeans
209.99000549316409,7 For All Mankind Men's Shaved Cord Blazer,7 For All Mankind
209.99000549316409,Icebreaker Women's Cascade Full Zip,Icebreaker
209.99000549316409,The North Face Women's Small Denali Down Jacket,The North Face
209.99000549316409,Icebreaker Men's Quattro Hood,Icebreaker
209.99000549316409,Icebreaker Men's Sierra Full Zip Jacket,Icebreaker
209.94999694824216,Mantoni 2 Button Men's Suit Solid Black 100% Wool,Mantoni
209.94999694824216,Authentic Tom Ford Sunglasses: MIRANDA TF130 available in multiple colors,Tom Ford
209.0,Rich & Skinny Women's Legacy Crocodile Jean,Rich & Skinny
209.0,Citizens of Humanity Sid Straight Leg Jean in Nigel,Citizens of Humanity
209.0,True Religion Women's Trisha Lonestar Straight Jean,True Religion
209.0,J Brand Mens Kane Slim Straight Leg Denim Jeans in Weathered Olive,J BRAND
209.0,Hudson Men's Beau Microboot Jean,Hudson
209.0,Prada 1M0506 Saffiano Leather Wallet Coffee,Prada
209.0,Hudson Men's Wilde Relax Flap Pocket Straight Leg Jean,Hudson
209.0,Prada 1M0506 Saffiano Leather Wallet Coffee,Prada
209.0,Hudson Men's Lou Tuxedo Straight Leg Jean,Hudson
208.6000061035156,Diesel Jean Thavar 8W7,Diesel
208.6000061035156,Diesel Jean Mennit 73N,Diesel
208.47000122070312,Marc New York by Andrew Marc Men's Sawyer Jacet,Marc New York by Andrew Marc
208.0,Joie Women's Peterson Blouse,Joie
208.0,Joie Women's Selesio Sweater,Joie
208.0,7 For All Mankind Men's Austyn Relaxed Straight Jean,7 For All Mankind
208.0,7 For All Mankind Men's Standard Classic Straight Leg Jean in Dark Blue Black,7 For All Mankind
208.0,TEXTILE Elizabeth and James Women's Stills Straight Leg,TEXTILE Elizabeth and James
207.94999694824216,Diesel - Mens Darron 0601K Denim Jeans,Diesel
207.94999694824216,Diesel Men's Safado Slim Straight Leg Normal Jean,Diesel
207.27999877929688,Tom Ford Nikita FT0173 Sunglasses - 01B Shiny Black (Gradient Dark Gray Lens) - 55mm,Tom Ford
207.0,Bailey 44 Women's Venom Dress,Bailey 44
206.96000671386719,Ted Baker Women's Mowna,Ted Baker
206.0,Lilla P Women's  Elbow Sleeve Sweater Dress,Lilla P
206.0,Hillside USA Leather Inc. Mens Denim Style Stand Up Collar,Hillside USA Leather Inc.
205.80000305175781,Karla Colletto Lace One Piece Tank,Karla Colletto
205.19999694824216,Diesel Men's Sheka-s Sweat Shirt,Diesel
205.0,Agave Men's Waterman Relaxed Fit Straight Leg Jean,Agave
205.0,7 For All Mankind Women's Straight Leg Jean With Crystal Back Pocket in Baywater Blue,7 For All Mankind
205.0,7 For All Mankind Men's Austyn Relaxed Straight Leg Jean in Dark Ocean,7 For All Mankind
205.0,Raven Womens Mackenzie,Raven
205.0,Agave Men's Waterman Relaxed Grey Jean,Agave
205.0,Hudson Women's Krista Skinny,Hudson
204.94999694824216,Carhartt Men's Flame Resistant Heavyweight Duck Bomber Jacket,Carhartt
204.94999694824216,Klymit Double Diamond Vest,Klymit
203.99000549316409,The North Face Denali Fleece Jacket - Men's,The North Face
203.94999694824216,Tom Ford Whitney Tf9 74f Metallic Brown Gradient Sunglasses,Tom Ford
202.99000549316409,Original Penguin Men's Two-button Blazer,Original Penguin
202.99000549316409,Tommy Hilfiger Men's Two Button Trim Fit Tuxedo Jacket with Peak Lapel,Tommy Hilfiger
202.3999938964844,Amanda Uprichard Women's Neulla Dress,Amanda Uprichard
201.94999694824216,Spiewak Women's Ranger Fishtail Hooded Parka,Spiewak
201.94000244140625,Diesel Men's Viker 885S Regular Slim Straight Jean,Diesel
201.75,D.E.P.T. Women's Fabulous Coat,D.E.P.T.
201.19999694824216,WHAT GOES AROUND COMES AROUND Women's Racquel One-Piece Jumpsuit,What Goes Around Comes Around
200.8699951171875,Vivienne Westwood Men's Pantalone Pant,Vivienne Westwood